address,amount,note
3wfocWgSNRgvvt9stphfCRzc3oLrikF686buiFPiTFn4,0.05,HELLO WORLD
BJyE7dLCQm8QK7364GSRLWQqmHW7Q6m93MTsRf9SMD2t,0.05,HELLO WORLD
aaQsX9Yq4vNeez4zuN2RsyG6Z76naQ9zzTcZmBr4Nyd,0.05,HELLO WORLD
9qdKquzSJjRgFWsmJBbHasp3D9S9PpYwFducB97zP8As,0.05,HELLO WORLD
818qM4ooBAn24iC3zNwdyWDmCsxZWmAe71YcsV8d3HoG,0.05,HELLO WORLD
92p7UtvFaEBGSvUcnacYuqZwFEbvv5y4eRTx8UcnD8Rr,0.05,HELLO WORLD
AoDv6yejpCsNk9wWAP4UcwG8voCs8qoDjEipAaTiG6Vh,0.05,HELLO WORLD
A79Vjmuh3eLrXLSwpaiAChAqBBNLbahe6zako5gDSqtN,0.05,HELLO WORLD
JCk5HUx6V6TPWau2vNsfbuyMPUad1TopAAEBCWdA6sc1,0.05,HELLO WORLD
AGxdXVFhr2MpTT6pYzUWUXrXhSzwZwH1b5CMM2sz5oez,0.05,HELLO WORLD